query,item_id,title,price,condition,category_id,seller_id,currency,ram_memory,model
Chromecast,MLA2012499596,Adaptador Smart Tv Box 4k Color Negro 32gb,41000,new,MLA352001,1124499880,ARS,4 GB,TV Box 4K
Chromecast,MLA1359027207,Chromecast Google Ga03131 Tv Hd 8gb 2gb Ram 60 Fps Wifi Bluetooth Hdmi 4ta Gen Blanco,118999,new,MLA352001,456970476,ARS,2 GB,GA03131
Chromecast,MLA1870755884,Smart Tv Onn Uhd Streaming Device 2° Gen 4k Color Negro,70200,new,MLA352001,1070313715,ARS,2 GB,UHD Streaming Device
Chromecast,MLA1974041816,Xiaomi Mi Tv Stick Full Hd 8gb Chromecast Streaming Con Control Color Negro,70000,new,MLA352001,572922520,ARS,1 GB,Mi TV Stick
Chromecast,MLA1472422145,Google Chromecast 4k Chromecast With Google Tv Ga01919-us De Voz 4.ª Generación 4k 8gb Sky Con 2gb De Memoria Ram,111999,new,MLA352001,1946156367,ARS,2 GB,Chromecast with Google TV
Chromecast,MLA1970572124,Chromecast Ga01919-us Google 4 Generación 4k 8gb Con 2gb De Memoria Ram,114999,new,MLA352001,1946156367,ARS,2 GB,Chromecast
Chromecast,MLA1433713863,Onn Google Tv Fhd Streaming Stick 2da Generación 8gb 1.5gb Ram Color Negro Control Remoto De Voz,64999.0,new,MLA352001,621229920,ARS,1.5 GB,FHD Streaming Stick
Chromecast,MLA1976418540,Chromecast With Google Tv De Voz 4ª Generación 4k 8gb Snow Con 2gb De Memoria Ram,112999,new,MLA352001,821536236,ARS,2 GB,Chromecast with Google TV
Chromecast,MLA1929846314,Mi Tv Stick Xiaomi 4k Mdz-27-eu 2.ª Generación Color Negro,104890,new,MLA352001,235131446,ARS,2 GB,MDZ-27-EU
Chromecast,MLA1475129595,Chromecast tv Gen 4 - 4k Hdr. Wifi+bth+c. Remoto,135900,new,MLA352001,1159314697,ARS,1.5 GB,GA01919-ES
Chromecast,MLA2005616226,Google Tv Streamer 4k Netflix Hdr 2024 Androidtv Color Blanco Tipo De Control Remoto De Voz,225741,new,MLA352001,821536236,ARS,4 GB,Streamer 4K
Chromecast,MLA2006690998,Tv Box 4k Hdmi Android  --el Más Rápido--,70000,new,MLA352001,2235368076,ARS,512 GB,TV Box 4K
Chromecast,MLA1949495790,Tv Box Smart Z8pro 32gb El Mas Rapido Full Apps!!,89990,new,MLA352001,98229044,ARS,4 GB,Chromecast with Google TV Z8
Chromecast,MLA1474341635,Control De Voz Xiaomi Mi Tv Stick Full Hd De 8 Gb Y 1 Gb De Ram,75138,new,MLA352001,33317938,ARS,1 GB,Mi TV Stick
Chromecast,MLA1446111253,Google Chromecast Ultra 4k Negro,211469.0,new,MLA352001,1803908857,ARS,,Chromecast Ultra
Chromecast,MLA2004123498,Mirascreen Anycast Wireless Dongle Tipo Chromecast /e Color Negro,29999,new,MLA352001,215572712,ARS,,EZCast
Chromecast,MLA1867531158,Google Chromecast 4 4k Ga01919 8gb 2gb + Cargador + Control,118999,new,MLA352001,1848533798,ARS,2 GB,Chromecast with Google TV
Chromecast,MLA1835129114,Google Chromecast 4 Hd Ga03131 8gb 2gb + Cargador + Control,110999,new,MLA352001,1848533798,ARS,2 GB,GA03131
Chromecast,MLA1382798627,Google Chromecast Ultra 4k Negro,80299,new,MLA352001,287054359,ARS,2 GB,Chromecast Ultra
Chromecast,MLA1451432065,Smart Tv Onn  Uhd Streaming Device 2° Gen 4k Color Negro,71900,new,MLA352001,82274172,ARS,2 GB,UHD Streaming Device
Chromecast,MLA1669104294,Google Chromecast Ultra 4k Negro (bulk) ,72369.2,new,MLA352001,181300200,ARS,2 GB,Chromecast Ultra
Chromecast,MLA2021377464,Google Chromecast Hd,124000,new,MLA352001,50520189,ARS,1.5 GB,HD
Chromecast,MLA1452960541,Xiaomi Mi Tv Stick Full Hd 8gb Con Control Color Negro,79499,new,MLA352001,148613909,ARS,1 GB,Mi TV Stick
Chromecast,MLA1906611378,Smart Tv Onn  Uhd Streaming Device 2° Gen 4k Color Negro,71990,new,MLA352001,1443311053,ARS,2 GB,UHD Streaming Device
Chromecast,MLA1912327352,Onn 4k 2gen Google Tv 2023 8gb + 2 Gb Ram + Fuente + Remoto,72999,new,MLA352001,1848533798,ARS,2 GB,UHD Streaming Device
Chromecast,MLA1946970286,Tv Box Gadnic Android 10.0 Hdmi 4k Chromecast Full Hd Color Negro Tipo De Control Remoto Estándar,59999,new,MLA352001,39144101,ARS,,Tx 2000
Chromecast,MLA1391312469,Xiaomi Mi Tv Stick 4k 8gb Ram 2gb Chromecast Amazon Netflix ,124999,new,MLA352001,268317904,ARS,2 GB,MDZ-27-EU
Chromecast,MLA1455433017,Xiaomi Mi Tv Stick Full Hd 8gb Con Control Color Negro,80319.0,new,MLA352001,451257294,ARS,1 GB,Mi TV Stick
Chromecast,MLA1909501704,Xiaomi Mi Tv Stick 2a Gen 8gb Full Hd Mdz-24-aa,75499,new,MLA352001,148613909,ARS,1 GB,Mi TV Stick
Chromecast,MLA1962297998,Smart Tv Onn 4k Uhd Streaming Device 2° Gen - Desbloqueado,75000,new,MLA352001,679926440,ARS,2 GB,UHD Streaming Device
Chromecast,MLA1448028619,Chromecast Google Tv Hd 8gb 2gb Ram Hdmi 4ta Generacion,124000,new,MLA352001,50520189,ARS,2 GB,HD
Chromecast,MLA1438232247,Google Chromecast 4k 8gb Sky Control De Voz Ga01923-us 2gb,112990.68,new,MLA352001,201564269,ARS,2 GB,Chromecast with Google TV
Chromecast,MLA1361366203,Google Chromecast With Google Tv Hd 8gb Snow 2gb Ram,129499,new,MLA352001,148613909,ARS,2 GB,GA03131
Chromecast,MLA1451195339,"Google Chromecast Con Google Tv (4k) - Disfruta De Películas, Programas En Vivo En 4k Hdr - Color Nieve",185000,new,MLA352001,1159877969,ARS,,Chromecast with Google TV
Chromecast,MLA1442224189,Chromecast  Google Tv 4 Generación 4k 8gb Con Cargador,130000,new,MLA352001,255083266,ARS,2 GB,Chromecast
Chromecast,MLA885133507,Chromecast Smart Tv Netflix Google Tv 4k Hdr Control Remoto,299999,new,MLA352001,9198894,ARS,4 GB,Streamer 4K
Chromecast,MLA1462796143,Tivo Ipa1104hdw-01 Stream 4k Original Con Google Oficial Certificado 8gb De Almacenamiento 2gb De Ram,82839.0,new,MLA352001,330416373,ARS,2 GB,IPA1104HDW-01
Chromecast,MLA874470219,Xiaomi Mi Tv Stick Full Hd 8gb Con Control X Voz Chromecast,99999,new,MLA352001,268317904,ARS,1 GB,Mi TV Stick
Chromecast,MLA1441671447,Smart Tv Convertidor Hdmi 4k Full Hd Android 11 Pcreg,110999,new,MLA352001,666749750,ARS,2 GB,MDZ-27-EU
Chromecast,MLA1438193127,Xiaomi Mi Tv Stick 4k Android Google Tv Color Negro Tipo De Control Remoto De Voz,97846,new,MLA352001,1516979806,ARS,2 GB,Tv Box Mi Stick 4k
Chromecast,MLA2021605222,Smart Tv Onn Uhd Streaming Device Hd + Magls,72000,new,MLA352001,50520189,ARS,2 GB,HD
Chromecast,MLA1468045807,Chromecast Google Tv De Voz 4 Generación 4k 8gb Con Cargador,159000,new,MLA352001,255083266,ARS,2 GB,Chromecast
Chromecast,MLA1446415291,Chromecast Google Ga03131 Tv Hd Snow-smart Tv-control Remoto,108099,new,MLA352001,1946156367,ARS,2 GB,GA03131
Chromecast,MLA1944850726,Xiaomi Mi Tv Stick Mdz-27-eu 4k Uhd Conversor Smart Tv,98990.0,new,MLA352001,70413483,ARS,2 GB,MDZ-27-EU
Chromecast,MLA2012521480,Tv Box Watch Onn 4k Chromecast Solucionado Ubicación Negro,89500,new,MLA352001,151114793,ARS,2 GB,UHD Streaming Device
Chromecast,MLA1437855315,Xiaomi Mi Tv Stick Full Hd 8gb Con Control Color Negro,119999,new,MLA352001,39144101,ARS,1 GB,Mi TV Stick
Chromecast,MLA1150795107,Chromecast 4 Smart Tv Netflix Googletv 4k Hdr Control Remoto,128599,new,MLA352001,701293922,ARS,2 GB,Chromecast with Google TV
Chromecast,MLA1465095701,Chromecast With Google Tv De Voz 4 Generación 4k 8gb,121424,new,MLA352001,466232376,ARS,2 GB,Chromecast
Chromecast,MLA1425375959,Chromecast Google Tv Hd 8gb 2gb Ram 60 Fps Wifi Bluetooth Hd,121905,new,MLA352001,148613909,ARS,2 GB,GA03131
Chromecast,MLA1220061069,Xiaomi Mi Tv Stick Full Hd 1080p 8gb Android Chromecast Gtia,74999,new,MLA352001,53971387,ARS,1 GB,Mi TV Stick
Chromecast,MLA1476915627,Google Chromecast 4k Chromecast With Google Tv Ga01919-us De,145999,new,MLA352001,1454215464,ARS,2 GB,Chromecast with Google TV
Chromecast,MLA1944764898,Xiaomi Mi Tv Stick Mdz-27-eu 4k Uhd Conversor Smart Tv,115990.0,new,MLA352001,70413483,ARS,2 GB,MDZ-27-EU
Chromecast,MLA1475057681,Google Chromecast Tv 4 1080p Fhd Control Remoto Wifi Hdmi Color Blanco,125900,new,MLA352001,50520189,ARS,2 GB,GOOHDMIIV
Chromecast,MLA1470869097,Tv Box / Apps / Bluetooth / Fhd / Tv,55000,new,MLA352001,75225071,ARS,,Chromecast with google
Chromecast,MLA1476941329,Google Chromecast 4k Chromecast With Google Tv Ga01919-us De,129900,new,MLA352001,1454215464,ARS,2 GB,Chromecast with Google TV
Chromecast,MLA2012293122,Conversor Smart Tv Box Full Hd Android 11 2gb + 16gb Rom,67999,new,MLA352001,1818639270,ARS,2 GB,Convertidor TV
Chromecast,MLA1478902185,Google Tv Streamer 4k Ga05662-us Blanco 32gb 4gb Voz,233490,new,MLA352001,466232376,ARS,4 GB,Streamer 4K
Chromecast,MLA1841244168,Google Chromecast Ultra 4k Hdr Wifi Ethernet Cable,158339.0,new,MLA352001,451257294,ARS,,Chromecast Ultra
Chromecast,MLA1663084514,Dcolor Chromecast Gd1 4k De Voz 4k 16gb Negro Con 2gb De Memoria Ram,105000,new,MLA352001,201020360,ARS,2 GB,Chromecast
Chromecast,MLA2010208530,Smart Tv Onn Uhd Streaming Device 2° Gen 4k App Dolby Audio,77300,new,MLA352001,9137597,ARS,2 GB,UHD Streaming Device
Chromecast,MLA1445090011,Google Chromecast 4 Generación Con Google Tv Blanco,132000,new,MLA352001,255083266,ARS,2 GB,Chromecast
Chromecast,MLA1370208899,Chromecast With Google Tv De Voz 4k 8gb Snow 2gb Ram,155500,new,MLA352001,1250965884,ARS,2 GB,Chromecast with Google TV
Chromecast,MLA1989304162,Google Chromecast 4k Chromecast With Google,124499,new,MLA352001,148613909,ARS,2 GB,Chromecast with Google TV
Chromecast,MLA1408611968,Google Chromecast 4k 8gb Snow Control De Voz Ga01919-us 2gb,117988.92,new,MLA352001,201564269,ARS,2 GB,Chromecast with Google TV
Chromecast,MLA1444441871,Chromecast Google Ga01919-us 4k 8gb 2gb Ram Bluetooth,115999,new,MLA352001,1848533798,ARS,2 GB,Chromecast with Google TV
Chromecast,MLA1931250070,Tv Stick 4k | Convertidor Smart Tv Box Android Tv,74999,new,MLA352001,1877306464,ARS,4 GB,TVR3
Chromecast,MLA869896383,Xiaomi Mi Tv Stick Full Hd Android Chromecast Netflix Amazon,98999,new,MLA352001,257077964,ARS,1 GB,Mi TV Stick
Chromecast,MLA1858473044,Google Chromecast 4 Generación Con Google Tv Hd Blanco,132000,new,MLA352001,255083266,ARS,1.5 GB,Chromecast
Chromecast,MLA1150769535,Google Chromecast With Google Tv 4k 8gb Snow Con 2gb De Ram,119999,new,MLA352001,701293922,ARS,2 GB,Chromecast with Google TV
Chromecast,MLA1880561222,Smart Tv Stick Xiaomi 4k De 2da Generación Android Tv Negro,109708,new,MLA352001,160885918,ARS,2 GB,MDZ-27-EU
Chromecast,MLA2017682178,Google Chromescat 3,120000,new,MLA352001,457921469,ARS,,Chromecast
Chromecast,MLA1220041782,Xiaomi Mi Tv Stick Full Hd Smart Android Netflix Amazon +,101999,new,MLA352001,53971387,ARS,1 GB,Mi TV Stick
Chromecast,MLA1129875802,Chromecast 4 Google Tv 4k Cuot-s S/ Inter-s + Cargador Orig.,178995.0,new,MLA352001,247639927,ARS,2 GB,Chromecast with Google TV
Chromecast,MLA1473728867,Smart Tv Onn Uhd Streaming Device 2° Gen 4k Color Negro,72999,new,MLA352001,287054359,ARS,2 GB,UHD Streaming Device
Chromecast,MLA1470087383,Chromcast 4k Con Google Tv Sky,173000,new,MLA352001,24324316,ARS,2 GB,Chromecast
Chromecast,MLA1439021777,Chromecast 4 Original Google Tv De Voz 4k 8gb,145530,new,MLA352001,278897053,ARS,2 GB,Chromecast 4 2015
Chromecast,MLA1883863590,Chromecast  Google Tv De Voz 4 Generación 4k 8gb Snow,145000,new,MLA352001,255083266,ARS,2 GB,Chromecast
Chromecast,MLA869897763,Xiaomi Mi Tv Stick Full Hd Android Chromecast Amazon Netflix,119999,new,MLA352001,257077964,ARS,1 GB,Mi TV Stick
Chromecast,MLA1121937411,Google Chromecast Google Tv De Voz 4k 8gb Cargador Original,162998.0,new,MLA352001,247639927,ARS,2 GB,Chromecast with Google TV
Chromecast,MLA909696251,Google Chromecast 4 4ta Generac Streaming Tv Box 4k 8gb 2gb ,114999,new,MLA352001,52270943,ARS,2 GB,Chromecast
Chromecast,MLA1151042067,Google Chromecast With Google Tv De Voz 4k 8gb + Fuente 220!,162997.0,new,MLA352001,247639927,ARS,2 GB,Chromecast with Google TV
Chromecast,MLA1388893071,Xiaomi Stick 4k Control De Voz 4k 8gb Con 2gb De Memoria Ram,109306.0,new,MLA352001,134119519,ARS,2 GB,Stick 4k
Chromecast,MLA1437855519,Xiaomi Mi Tv Stick Resolucion Full Hd Control Bidcom,126399,new,MLA352001,39144101,ARS,1 GB,Mi TV Stick
Chromecast,MLA1778218792,Convertidor Xiaomi Tv Box S 2gen Oferta,129999,new,MLA352001,21444777,ARS,2 GB,Xiaomi TV Box S
Chromecast,MLA1380214521,Chromecast Google Ga03131 Google Tv Hd 8gb Blanco,148000,new,MLA352001,255083266,ARS,2 GB,GA03131
Chromecast,MLA1133503688,Xiaomi Mi Tv Stick Full Hd 8gb Negro Con 1gb De Memoria Ram,98999,new,MLA352001,747830516,ARS,1 GB,Mi TV Stick
Chromecast,MLA908010344, Chromecast With Google Tv  De Voz 4k 8gb  Snow  Ram De 2gb,152509,new,MLA352001,167338436,ARS,2 GB,Chromecast with Google TV
Chromecast,MLA1472592261,Convertidor Smart Tv Box De 8 Gb A Ram 128 Gb Pro 4k - Andro,67999,new,MLA352001,1818639270,ARS,4 GB,TV Box 4K
Chromecast,MLA1437881153,Xiaomi Mi Tv Stick 1gb Ram Full Hd Con Control Color Negro,134949,new,MLA352001,39144101,ARS,1 GB,Mi TV Stick
Chromecast,MLA1886798300,Chromcast With Google Tv 4k,135000,new,MLA352001,24324316,ARS,2 GB,Chromecast with Google TV
Chromecast,MLA1104393417, Xiaomi Mi Tv Stick Full Hd 8gb Negro Con 1gb De Ram,91348,new,MLA352001,160885918,ARS,1 GB,Mi TV Stick
Chromecast,MLA728618823,Chromecast Version Miracast Netflix Youtube Spotify Ramos,239989.99,new,MLA352001,90583461,ARS,2 GB,GA01919-ES
Chromecast,MLA1452835293,Watch Onn Fhd Streaming Stick 2da Gen Full Hd 1.5gb Ram 8gb,95499.99,new,MLA352001,345302435,ARS,1.5 GB,FHD Streaming Stick
Chromecast,MLA1430039936,Google Chromecast With Google Tv De Voz 4k Cargador Original,178996.0,new,MLA352001,247639927,ARS,2 GB,Chromecast with Google TV
Chromecast,MLA1468596481,Chromecast Smart Tv Netflix Google Tv 4k Hdr Control Remoto,599999,new,MLA352001,9198894,ARS,4 GB,Streamer 4K
Chromecast,MLA1813598530,Chromecast 4 Google Tv 4k Hdr Control Remoto Smart Netflix,148899,new,MLA352001,701293922,ARS,2 GB,Chromecast with Google TV
Chromecast,MLA1437842167,Xiaomi Mi Tv Stick Full Hd Con Control Color Negro,146749,new,MLA352001,39144101,ARS,1 GB,Mi TV Stick
Chromecast,MLA1841433836,Xiaomi Mi Tv Stick Full Hd 8gb Con Control Color Negro,129999,new,MLA352001,15256165,ARS,1 GB,Mi TV Stick
Chromecast,MLA1443114037,Chromecast With Google Tv De Voz 4ª Generación 4k 8gb Snow C,135598,new,MLA352001,674990211,ARS,2 GB,Chromecast with Google TV
Chromecast,MLA1160117408,Convertidor Smart Xiaomi Mi Tv Stick Amazon Disney Netflix,148919,new,MLA352001,723068152,ARS,1 GB,Mi TV Stick
Chromecast,MLA1501625752,Google Chromecast Con Google Tv 4k + Control Remoto,126163.0,new,MLA352001,213074722,ARS,2 GB,Chromecast with Google TV
Chromecast,MLA2005936046,Mi Box S 4k 8gb Negro 2gb Ram Negro Estándar,119000,used,MLA352001,2068519099,ARS,2 GB,Mi Box S
Chromecast,MLA1129900183,Google Tv + Chromecast Control De Voz 4k 8gb Fuente 220v,191997.0,new,MLA352001,247639927,ARS,2 GB,Chromecast with Google TV
Chromecast,MLA1965586138,Chromecast Google Tv De Voz 4a Gen 4k 8gb Snow Con Fuente,130000,new,MLA352001,255083266,ARS,2 GB,Chromecast with Google TV
Chromecast,MLA1151054712,Google Chromecast With Google Tv 4 K + Cargador Original ,178994.0,new,MLA352001,247639927,ARS,2 GB,Chromecast with Google TV
Chromecast,MLA1446874481,Onn Google Tv Fhd Streaming Device ,109999,new,MLA352001,64647504,ARS,1.5 GB,FHD Streaming Stick
Chromecast,MLA1445090855,Chromecast Google Tv Hd 8gb 2gb Wifi Con Transformador,160000,new,MLA352001,255083266,ARS,2 GB,GA03131
Chromecast,MLA1150925891,Google Chromecast 4 Smart Tv 4k Hdmi Control De Voz 8gb,143839,new,MLA352001,210728070,ARS,2 GB,Chromecast with Google TV
Chromecast,MLA924342731,Xiaomi Mi Tv Stick De Voz Full Hd 8gb Con 1gb De Memoria Ram,88389.0,new,MLA352001,139305690,ARS,1 GB,Mi TV Stick
Chromecast,MLA1923205102,Chromecast Google Ga03131 Google Tv Hd 8gb Blanco,160000,new,MLA352001,290170639,ARS,,Chromecast
Chromecast,MLA1857484216,Chromecast Google 4ta Generacion 4k Google Tv Original,239969.99,new,MLA352001,195827973,ARS,2 GB,Chromecast
Chromecast,MLA1868691808,Streaming Tv Box Onn 4k Google Tv Control Remoto 8gb 2gb Ram,199999.0,new,MLA352001,1357458571,ARS,2 GB,UHD Streaming Device
Chromecast,MLA1124556559,Xiaomi Mi Tv Stick Full Hd Chromecast Android Amazon Netflix,119990,new,MLA352001,472182447,ARS,1 GB,Mi TV Stick
Chromecast,MLA1897192794,Google Box Tv Onn 4k Con Control Por Voz 2024,120000,new,MLA352001,568000958,ARS,2 GB,onn 4K
Chromecast,MLA1452014019,Smart Tv Stick Xiaomi 4k Android Tv Dolby Atmos Chromecast,105990,new,MLA352001,114179423,ARS,2 GB,MDZ-27-EU
Chromecast,MLA927777478, Chromecast 4 Generacion Google Tv 4k Original Ade,199999,new,MLA352001,340109223,ARS,2 GB,Chromecast with Google TV
Chromecast,MLA1884136002,Google Chromecast 4 Generación Con Google Tv Hd Blanco,160000,new,MLA352001,255083266,ARS,1.5 GB,Chromecast
Chromecast,MLA1755718468,Onn Conversor Smart Google Tv Android Fullhd Chromecast 1.5g,70444,new,MLA352001,77842811,ARS,1.5 GB,Onn FullHD
Chromecast,MLA2021037346,Google Tv Streamer 4k Smart Netflix Hdr 2024 Androidtv,232990,new,MLA352001,472182447,ARS,4 GB,Streamer 4K
Chromecast,MLA1959105576,Google Chromecast 4 2/8gb Convertidor Smart Tv 4k Ga01919-us,339999,new,MLA352001,1012653588,ARS,2 GB,Chromecast
Chromecast,MLA1985579066,Google Chromecast 4.a Gen Hd,135000,new,MLA352001,290564614,ARS,2 GB,Chromecast
Chromecast,MLA1479823085,Chromecast 3ra Generación Google Netflix Smart Tv Con Fuente,66900.0,used,MLA352001,180091185,ARS,,Chromecast
Chromecast,MLA1668550016,Tv Box Gadnic Chromecast Play Store 4k Hd Android 10.0 ,99799.0,new,MLA352001,39144101,ARS,,Tx 2000
Chromecast,MLA1453604509,Chromecast Google Ga03131 Google Tv Hd 8gb Blanco,184448,new,MLA352001,226165538,ARS,2 GB,GA03131
Chromecast,MLA1889904372,Xiaomi Mi Tv Stick Control De Voz  Xiaomi 4k,139999,new,MLA352001,630535017,ARS,2 GB,MDZ-27-EU
Chromecast,MLA925870684,Google Chromecast Con Google Tv 4k Snow Blanco En Almagro,129999,new,MLA352001,76124792,ARS,2 GB,Chromecast with Google TV
Chromecast,MLA898101986,Xiaomi Mi Stick Tv Fhd Android Chromecast + Control Remoto,112827.36,new,MLA352001,47277478,ARS,1 GB,Mi TV Stick
Chromecast,MLA2012239414,Tv Box Watch Onn 4k Chromecast Solucionado Ubicación Negro Estándar,78420,new,MLA352001,114386493,ARS,2 GB,UHD Streaming Device
Chromecast,MLA1460683939,Google Chromecast 4 2/8gb Convertidor Smart Tv 4k Ga01919-us,297499,new,MLA352001,1012653588,ARS,2 GB,Chromecast
Chromecast,MLA2021647278,Chromecast 4 Hd Soy Gamer ,159500,new,MLA352001,191179311,ARS,2 GB,GA03131
Chromecast,MLA924404973, Chromecast 4 + Google Tv 4k Cargador Original Cuot.s S/ Int,178996.0,new,MLA352001,247639927,ARS,2 GB,Chromecast with Google TV
Chromecast,MLA1330407141,Mi Tv Stick ,164472.45,new,MLA352001,64647504,ARS,1 GB,Mi TV Stick
Chromecast,MLA1448278503,Xiaomi Mi Tv Stick Mdz-27-eu 4k Uhd Conversor Smart Tv Andro,111809,new,MLA352001,77842811,ARS,2 GB,MDZ-27-EU 4K
Chromecast,MLA1472510487,Smart Tv Onn Uhd Streaming Device 2° Gen 4k Negro Sin Fuent,350999,new,MLA352001,1017136269,ARS,2 GB,UHD Streaming Device
Chromecast,MLA1894789842,Google Chromecast Google Tv De Voz 4k Control Remoto 8gb,114999,new,MLA352001,541665065,ARS,2 GB,Chromecast
Chromecast,MLA2005118226,Chromecast Google Ga03131 Google Tv Hd 8gb Blanco,153509,new,MLA352001,226165538,ARS,2 GB,GA03131
Chromecast,MLA1462700883,Chromecast With Google Tv De Voz 4a Generación 4k 8gb Snow,145000,new,MLA352001,255083266,ARS,2 GB,Chromecast with Google TV
Chromecast,MLA1939882404,Tv Stick Xiomi Mdz-27eu 4k,133508.0,new,MLA352001,64568142,ARS,2 GB,MDZ-27-EU
Chromecast,MLA1632918372,Xiaomi Mi Tv Stick Mdz-24-aa Conversor Smart Tv Andro Ppct,124960,new,MLA352001,77842811,ARS,1 GB,MDZ-24-AA
Chromecast,MLA1314988978,Google Chromecast 4 4k Android Tv Netflix Flow Ga01919-us,167496,new,MLA352001,77842811,ARS,2 GB,GA01919-US
Chromecast,MLA2021587396,Xiaomi Mi Tv Stick Full Hd 8gb Chromecast Streaming Con Cont,70000,new,MLA352001,2262324584,ARS,1 GB,Mi TV Stick
Chromecast,MLA1419641054,Chromecast With Google Tv De Voz 4k 8gb Snow 2gb Ram,130000,new,MLA352001,1250965884,ARS,2 GB,Chromecast with Google TV
Chromecast,MLA2018211278,Chromecast With Google Tv De Voz 4a Generación 4k 8gb Sky,237487,new,MLA352001,209752538,ARS,2 GB,Chromecast with Google TV
Chromecast,MLA927775900, Chromecast 4 Generacion Google Tv Voz 4k Original Ade Ramos,169999,new,MLA352001,340109223,ARS,2 GB,Chromecast with Google TV
Chromecast,MLA2010141516,Google Chromecast 4k Con Google Tv Voz 4ta Generacion Sky,149999,new,MLA352001,131846678,ARS,2 GB,Chromecast with Google TV
Chromecast,MLA1396085311,Google Chromecast 4 Google Tv 4k Wi-fi Control Remoto Blanco,254099,new,MLA352001,192769857,ARS,2 GB,Chromecast with Google TV
Chromecast,MLA1474385213,Chromecast Con Google Tv De Voz 4ta Gen 4k 8gb 2gb Ram D2,232909.0,new,MLA352001,69541508,ARS,2 GB,Chromecast with Google TV
Chromecast,MLA1942275978,Google Chromecast 4 Google Tv 4k Wi-fi Control Remoto Blanco,317599,new,MLA352001,192769857,ARS,2 GB,Chromecast with Google TV
Chromecast,MLA1150957255,Google Chromecast 4 Smart Tv 4k Hdmi 8gb Streaming Control,143839,new,MLA352001,156810734,ARS,2 GB,Chromecast with Google TV
Chromecast,MLA908010138,Chromecast 4 Smart Tv Netflix Googletv 4k Hdr Control Remoto,130099,new,MLA352001,167338436,ARS,2 GB,Chromecast with Google TV
Apple TV,MLA1618186704,Apple Tv 4k (wifi + Ethernet) A2843 De Voz 3.ª Generación 2022 4k 128gb Negro - Distribuidor Autorizado,468999,new,MLA352001,553476757,ARS,,Apple TV 4K (WiFi + Ethernet)
Apple TV,MLA1449403463,Apple Tv Hd A1625 De Voz 4.ª Generación 2015 Full Hd 32gb Negro Con 2gb De Memoria Ram,599990,new,MLA352001,119914491,ARS,2 GB,Apple TV HD
Apple TV,MLA1366426083,Apple Tv 4k (wifi) A2737 De Voz 3.ª Generación 2022 4k 64gb Negro - Distribuidor Autorizado,405399,new,MLA352001,553476757,ARS,,Apple TV 4K (WiFi)
Apple TV,MLA1479038679,Apple Tv 4k (wifi + Ethernet) A2843 De Voz 3.ª Generación 2022 4k 128gb Negro,325000,new,MLA352001,162348489,ARS,,Apple TV 4K (Wi‑Fi + Ethernet)
Apple TV,MLA1399215546,Apple Tv 4k (wifi) A2737 De Voz 3.ª Generación 2022 4k 64gb Negro,477099,new,MLA352001,208137579,ARS,,Apple TV 4K (WiFi)
Apple TV,MLA1476037995,Apple Tv 4k A2169 De Voz 2.ª Generación 2021 4k 32gb Negro,280000,new,MLA352001,207099651,ARS,,Apple TV 4K
Apple TV,MLA1594852796,Apple Tv 4k A2169 De Voz 2.ª Generación 2021 4k 64gb Negro,423600,new,MLA352001,244022676,ARS,,Apple TV 4K
Apple TV,MLA1981233514,Apple Tv 4k Wi-fi (tercera Generación) 128 Gb Ethernet,267141.48,new,MLA352001,2150532932,ARS,128 GB,Apple TV 4K (WiFi + Ethernet)
Apple TV,MLA1719499042,Streaming Apple Tv Fhd 32gb 2nd Gen 2021 Black Mhy93ll/a ,327990,new,MLA352001,119914491,ARS,2 GB,Apple TV HD
Apple TV,MLA1345295576, Apple Tv 4k Wifi A2737 De Voz 3.ª Generación 2022 4k 64gb,371633,new,MLA352001,1017136269,ARS,,Apple TV 4K (WiFi)
Apple TV,MLA1378227377, Apple Tv 4k A2169 Control Voz 2ª Generación 2021 32gb Negro,499997,new,MLA352001,173426652,ARS,,Apple TV 4K
Apple TV,MLA1618134776,Apple Tv 4k (wifi + Ethernet) Con 128 Gb,550999,new,MLA352001,208137579,ARS,,Apple TV 4K (WiFi + Ethernet)
Apple TV,MLA1361163774, Apple Tv 4k (wifi + Ethernet) 3.ª Generación 2022 128gb,664999,new,MLA352001,1017136269,ARS,,Apple TV 4K (WiFi + Ethernet)
Apple TV,MLA1458318213,Apple Tv 4k (wifi + Ethernet)  3ra Gen 2022 4k 128gb Negro,420000,new,MLA352001,1272142009,ARS,,Apple TV 4K (WiFi + Ethernet)
Apple TV,MLA1426291701,Apple Tv 4k 64gb Modelo A2169. Soporte Y Funda De Regalo,567000,new,MLA352001,44820200,ARS,64 GB,Apple TV 4K (WiFi + Ethernet)
Apple TV,MLA2011479876,Apple Tv 4k Wi-fi (tercera Generación) 64gb Apple Tv Negro De Voz,330000,new,MLA352001,207099651,ARS,128 GB,Apple TV 4K (WiFi + Ethernet)
Apple TV,MLA1475974383,Apple Tv 4k 32 Gb,35000.0,used,MLA352001,151832369,ARS,,Apple TV 4K
Apple TV,MLA2013720360,"Apple Tv Modelo A1427 Con Control ,hdmi Y Cable Alimentación Negro Estándar",49999,used,MLA352001,57316981,ARS,512 MB,Apple TV
Apple TV,MLA1448806077,"Apple Tv A1469 3.a Gen. Full Hd 8gb, 1gb Ram,estado Impoluto",44900,used,MLA352001,83924255,ARS,1 GB,Apple TV
Apple TV,MLA1990017942,Apple Tv De 3° Generación - Md199bz/a Muy Poco Uso!!!,59000,used,MLA352001,42457975,ARS,,MD199BZ/A
Apple TV,MLA1968764116,Apple Tv 2.a Generación Hd 8gb Negro,30000,used,MLA352001,19437128,ARS,256 MB,Apple TV
Apple TV,MLA1984892006,Apple Tv (3era Generación) Modelo A1427,60000,used,MLA352001,11191172,ARS,,A1427
Apple TV,MLA2007226274,Apple Tv A1378 Estándar 2.a Generación,24989,used,MLA352001,403002713,ARS,256 MB,Apple TV
Apple TV,MLA1478481559,Apple Tv A1625 4k 4ta 4th Generación 2015,145000,used,MLA352001,16356450,ARS,32 GB,Apple TV HD
Apple TV,MLA1769973558, Apple Tv A1427  8gb Negro  512mb Ram Con Caja,70000,used,MLA352001,51914721,ARS,512 MB,Apple TV
Apple TV,MLA1469995027,Apple Tv A1218 2007 1.a Generacion,30000,used,MLA352001,740934971,ARS,256 MB,Apple TV
Apple TV,MLA1460121355,Apple Tv 4k (wifi) A2737 De Voz 3.a Generación 64gb,310000,used,MLA352001,614420282,ARS,,Apple TV 4K (WiFi)
Apple TV,MLA1781884668, Apple Tv A1427 2.ª Generación ,37081.98,used,MLA352001,70102362,ARS,256 MB,Apple TV
Apple TV,MLA1399520644,Apple Tv 4k 32gb A1842 Negro (usado),400000,used,MLA352001,246369034,ARS,,a1842
Apple TV,MLA1460688751,Apple Tv Hd 4.a Generación 2015 A1625 / 32 Gb,180000,used,MLA352001,44339935,ARS,,Apple TV HD
Apple TV,MLA1133058175,Apple Tv Modelo A1469,65000,used,MLA352001,130516366,ARS,512 MB,Apple TV
Apple TV,MLA1447987851,Apple Tv A1427 Estándar 3.a Generación Fhd,70000,used,MLA352001,16775872,ARS,512 MB,Apple TV
Apple TV,MLA1474236571,Apple Tv Hd A1625 De Voz 4.a Full Hd 32gb Negro,169000,used,MLA352001,38293395,ARS,2 GB,Apple TV HD
Apple TV,MLA1462043665,Apple Tv 2a Generación Full Hd,40000,used,MLA352001,27193808,ARS,256 MB,Apple TV
Apple TV,MLA1443682603,Apple Tv 2ª Generaciónhd 8gb Negro Con 256mb De Memoria Ram,60000,used,MLA352001,120708889,ARS,256 MB,Apple TV
Apple TV,MLA1913427140,Apple Tv A1427  3.a Generación Full Hd 8gb Negro,60000,used,MLA352001,1439744152,ARS,512 MB,Apple TV
Apple TV,MLA1470131529,Apple Tv Hd A1625 De Voz 4.a Gen 2015 Full Hd 32gb,150000,used,MLA352001,13779625,ARS,2 GB,Apple TV HD
Apple TV,MLA1463957805,Apple Tv 4.a Generación 2015 Full Hd 32gb 2gb Ram,250000,used,MLA352001,75988422,ARS,2 GB,Apple TV HD
Apple TV,MLA1414122791, Apple Tv A1427 Negro - 1080p Full Hd,120000,used,MLA352001,211738,ARS,512 MB,Apple TV
Apple TV,MLA1867521508,Apple Tv A1469 3ra Generación,58000,used,MLA352001,115431977,ARS,512 MB,Apple TV
Apple TV,MLA1475666907,Apple Tv  Full Hd 32gb,250000,used,MLA352001,83925369,ARS,2 GB,Apple TV HD
Apple TV,MLA1972159008,Apple Tv A1427 ( Control No Funciona),20000,used,MLA352001,33446855,ARS,512 MB,Apple TV
Apple TV,MLA1445793563,Apple Tv Hd A1625 De Voz 4.ª Generación 2015 Full Hd 64 Gb,180000,used,MLA352001,89647872,ARS,2 GB,Apple TV HD
Apple TV,MLA1990674538,Apple Tv 3.a Generación A1427,49000,used,MLA352001,21778171,ARS,,Apple TV
Apple TV,MLA1448835555,Apple Tv A1469 Estándar 3,80000,used,MLA352001,43381121,ARS,512 MB,Apple TV
Apple TV,MLA1903134622,Apple Tv A1427 3.ª Generación Full Hd 8gb,73999,used,MLA352001,62674746,ARS,512 MB,Apple TV
Apple TV,MLA1464550035,Apple Tv A1427 Estándar 3.a Generación,25000,used,MLA352001,207573097,ARS,512 MB,Apple TV
Apple TV,MLA1436930383,Apple Tv A1427 Estándar 3.ªgeneracion,80500,used,MLA352001,35640592,ARS,512 MB,Apple TV
Apple TV,MLA2016882872,Apple Tv 3gen Full Hd 8gb *no Funciona*,15000,used,MLA352001,52104263,ARS,512 MB,Apple TV
Apple TV,MLA1464945897,Apple Tv 3.a Generación 512mb,99000,used,MLA352001,638036776,ARS,512 MB,Apple TV
Apple TV,MLA1317267791,Apple Tv 3era Generación. Full Hd. Con Control Remoto,80000,used,MLA352001,84465736,ARS,512 MB,Apple TV
Apple TV,MLA1446598647,Apple Tv A1469 Estándar 3.ª Generación A Full Hd 8gb Negro,50000,used,MLA352001,28052746,ARS,512 MB,Apple TV
Apple TV,MLA1189756455, Apple Tv 3rd Generation,100000,used,MLA352001,140707172,ARS,512 MB,Apple TV
Apple TV,MLA2010200866,Apple Tv Hd 4ta 4th Generación 2015 A1625 Restore Problem,59000,used,MLA352001,72129527,ARS,,Apple TV HD
Apple TV,MLA1474178905,Apple Tv 4k,50000,used,MLA352001,480073619,ARS,,Apple TV 4K
Apple TV,MLA1938425710,Apple Tv 3,38000,used,MLA352001,25327485,ARS,,A1469
Apple TV,MLA1877356464,Apple Tv 2 3.ª Gen. Full Hd 1gb Ram 8gb.,45000,used,MLA352001,180486592,ARS,1 GB,Apple TV 2
Apple TV,MLA1911254292,Apple Tv 4k (wifi + Ethernet) A2843 4k 128gb Negro,400000,used,MLA352001,77667444,ARS,128 GB,Apple TV 4K (WiFi + Ethernet)
Apple TV,MLA2012548500, Apple Tv  3.ª Generación (year 2012),45000.0,used,MLA352001,42544866,ARS,512 MB,Apple TV
Apple TV,MLA1904940598,Apple Tv 4k 64 Gb Negro Con Memoria Ram De 3 Gb A1842,300000,used,MLA352001,1010179756,ARS,3 GB,Apple TV 4K
Apple TV,MLA2023381720,Apple Tv 4k (wifi + Ethernet) A2843 De Voz 3ra Gen 128gb Negro De Voz,300000,used,MLA352001,617463474,ARS,,Apple TV 4K (WiFi + Ethernet)
Apple TV,MLA1986916438,Apple Tv A1218 Estándar 1.ª,30000,used,MLA352001,35040364,ARS,256 MB,Apple TV
Apple TV,MLA1997731548,Apple Tv 2da Generacion Usado Impecable,45000,used,MLA352001,66393546,ARS,256 MB,Apple TV
Apple TV,MLA1478333831,Apple Tv 4k A2169 De Voz 2.a Generación 2021 4k 32gb Negro,250000,used,MLA352001,27918875,ARS,,Apple TV 4K
Apple TV,MLA1954758528,Apple Tv 3ra Gen. En Caja. Como Nuevo,140000,used,MLA352001,109894,ARS,512 MB,Apple TV
Apple TV,MLA2022080648,Apple Tv 4k 32 Gb,265000,used,MLA352001,40893214,ARS,,Apple TV 4K
Apple TV,MLA2009899242, Apple Tv Hd A1625 ,160000.0,used,MLA352001,108337439,ARS,2 GB,Apple TV HD
Apple TV,MLA1938835060,Apple Tv A1469. Full Hd 8gb/ 512mb Ram Sin Control Remoto,65000,used,MLA352001,38345984,ARS,512 MB,Apple TV
Apple TV,MLA1822817324,Apple Tv A1427  3.ª Generación Full Hd 8gb Negro,39000,used,MLA352001,154069155,ARS,512 MB,Apple TV
Apple TV,MLA1755792356, Apple Tv A1469 3.ª Generación. Perf. Estado Caja Cable Orig,90000,used,MLA352001,12274147,ARS,512 MB,Apple TV
Apple TV,MLA1913452572,Apple Tv 3a Gen  Full Hd 8gb 512mb Ram A1427,45000,used,MLA352001,42544866,ARS,512 MB,Apple TV
Apple TV,MLA1670324528,"Usado Apple Tv 3 A1469 Full Hd Negro Completo, Sin Detalles.",99000,used,MLA352001,1530068588,ARS,512 MB,Apple TV
Apple TV,MLA1476588829,Apple Tv (3era Generación) Modelo A1427,70000.0,used,MLA352001,411388685,ARS,,A1427
Apple TV,MLA1473540963,"Apple Tv A1469 3.ª Gen. Full Hd 8gb, 512mb Ram",35000,used,MLA352001,31471346,ARS,512 MB,Apple TV
Apple TV,MLA1476622533,Apple Tv A1427 Estándar 3.a Generación,39990,used,MLA352001,45581120,ARS,512 MB,Apple TV
Apple TV,MLA1470242961, Apple Tv A1469 3.ª Generación Rev. A Full Hd 8gb Negro,65000,used,MLA352001,40251114,ARS,512 MB,Apple TV
Apple TV,MLA1438665381,Apple Tv A1427 3.ª Generación Full Hd 8gb Negro 512mb,250000,used,MLA352001,98495999,ARS,512 MB,Apple TV
Apple TV,MLA1897081278,Apple Tv  4.ª Generación Full Hd 32gb Negro,250000,used,MLA352001,98495999,ARS,512 MB,Apple TV
Apple TV,MLA2017639986,Apple Tv Hd 4ta 32gb + Soporte De Pared,230000.0,used,MLA352001,80943256,ARS,2 GB,Apple TV HD
Apple TV,MLA1472440651,Apple Tv 4k + Ethernet A2843  3 Gen 2022 4k 128gb Negro,310000,used,MLA352001,589428,ARS,,Apple TV 4K (WiFi + Ethernet)
Apple TV,MLA2010343912,Apple Tv 4k 64gb (wi-fi) - 3.a Generación 2019-sin Control R Negro De Voz,30000,used,MLA352001,85891306,ARS,,Apple TV 4K (WiFi)
Apple TV,MLA1419331631, Apple Tv 1ª Gen Full Hd -olo Aparato - Enciende - No Envío,25775.2,used,MLA352001,290356664,ARS,256 MB,Apple TV
Apple TV,MLA2015918398,Apple Tv 64gb,150000,used,MLA352001,188664185,ARS,2 GB,Apple TV HD
Apple TV,MLA1989282242,Apple Tv A1469,60000,used,MLA352001,56271507,ARS,,Apple TV A1469
Apple TV,MLA1477935599,Apple Tv 3ra Generación A1469,65000.0,used,MLA352001,62134019,ARS,,A1469
Apple TV,MLA2006658576,Apple Tv ,59900.0,used,MLA352001,58348106,ARS,,1469
Apple TV,MLA924796800,Apple Tv Modelo A1469 3ra Gen - No Enciende - No Envío - C12,45654,used,MLA352001,290356664,ARS,512 MB,Apple TV
Amazon Fire TV,MLA1403379220,Amazon Fire Tv Stick 4k 2023 Wifi 6 2gb De Ram Con Alexa Color Negro,68490,new,MLA352001,250121682,ARS,2 GB,Fire TV Stick 4K
Amazon Fire TV,MLA1937944368,Amazon Lite Fire Tv Stick B091g4yp57 De Voz Full Hd 8gb Negro Con 1gb De Memoria Ram,57985,new,MLA352001,1848533798,ARS,1 GB,Fire TV Stick
Amazon Fire TV,MLA1463074751,Amazon Fire Tv Stick De Voz 3gen Full Hd 8gb Negro Con 1gb De Ram,68300.0,new,MLA352001,621229920,ARS,1 GB,Fire TV Stick
Amazon Fire TV,MLA1454112559,Amazon Fire Tv Stick 4k Ultra Hd Max 16gb 2nda Generación Wi-fi 6e Color Negro Tipo De Control Remoto Estándar,100150,new,MLA352001,1070313715,ARS,2 GB,Fire TV Stick 4K Max
Amazon Fire TV,MLA1565619806,Amazon Fire Tv Stick Lite Control Por Voz Alexa Fhd 1080p Color Negro Tipo De Control Remoto De Voz,57800,new,MLA352001,621229920,ARS,1 GB,Fire TV Stick Lite
Amazon Fire TV,MLA1968378116,Amazon Fire Tv Stick 3ra Hd Alexa Voice Remote Original,84389,new,MLA352001,621229920,ARS,1 GB,Fire TV Stick
Amazon Fire TV,MLA1985471482,Amazon Fire Tv Stick Hd 2024 Control Por Voz Smart Tv- Netfl,57949,new,MLA352001,1946156367,ARS,1 GB,Fire TV Stick HD
Amazon Fire TV,MLA1971319040,Amazon Fire Tv Stick 4k Max 16 Gb Wifi 6 Ultra Rápido Color Negro,112000,new,MLA352001,736807315,ARS,2 GB,Fire TV Stick 4K Max
Amazon Fire TV,MLA1907438266,"Amazon Fire Tv Stick 4k Streaming, Con Alexa Voice Remote Color Negro",102898.0,new,MLA352001,621229920,ARS,1.5 GB,Fire TV Stick 4K
Amazon Fire TV,MLA1474169913,Amazon Fire Tv Stick Hd 2024 Control Por Voz Fhd Sicoaf,59999,new,MLA352001,821536236,ARS,1 GB,Fire TV Stick HD
Amazon Fire TV,MLA1477750263,Amazon Fire Tv Stick Hd 4a Generación Con Comandos De Voz Negro 1gb Ram,59920.0,new,MLA352001,160852200,ARS,1 GB,Fire TV Stick HD
Amazon Fire TV,MLA1996368090,Streaming Fire Tv Stick lite - Amazon - 1080p Fhd / Rom 8gb,69999,new,MLA352001,821536236,ARS,,Fire TV Stick Lite
Amazon Fire TV,MLA1369238847,Amazon Fire Tv Stick Lite Control De Voz Full Hd 8gb 1gb Ram,74999,new,MLA352001,1002842391,ARS,1 GB,Fire TV Stick Lite
Amazon Fire TV,MLA1664943482,Amazon Tv Stick Fire Tv Stick 4k Max K2r2te De Voz 1.ª Generación 4k 8gb Negro Con 2gb De Memoria Ram,100540,new,MLA352001,29675476,ARS,2 GB,Fire TV Stick 4K Max
Amazon Fire TV,MLA1464688935,Amazon Fire Tv Stick 8gb Wifi 5 1080p Hdr Alexa Version 2024,82313.99,new,MLA352001,167338436,ARS,2 GB,Fire TV Stick HD
Amazon Fire TV,MLA1856299014,Amazon Fire Tv Stick 4k De Voz 2ª Generación 4k 8gb Negro1 Con 1.5gb De Memoria Ram,96000,new,MLA352001,131846678,ARS,1.5 GB,Fire TV Stick 4K
Amazon Fire TV,MLA1975526012,Amazon Fire Tv Stick Hd 2024 Control De Voz 8gh Wifi 5 Nuevo,99987,new,MLA352001,209752538,ARS,1 GB,Fire TV Stick HD
Amazon Fire TV,MLA1397794231,"Fire Tv Stick (3.ª Generación 2021) Con Alexa Voice Remote,",82475,new,MLA352001,135917254,ARS,1 GB,Fire Stick
Amazon Fire TV,MLA1974013466,Amazon Fire Tv Stick Hd 2024 Control Por Voz Fhd Streamoing,61999,new,MLA352001,1473628674,ARS,1 GB,Fire TV Stick HD
Amazon Fire TV,MLA2008339342,Amazon Fire Tv Stick 4k 2023 Wifi 6 2gb Color Negro,68479,new,MLA352001,1946156367,ARS,2 GB,Fire TV Stick 4K
Amazon Fire TV,MLA1441306967,Amazon Convertidor Fire Tv Stick Lite Alexa Voice Smart Tv,143675,new,MLA352001,815964052,ARS,1 GB,Fire TV Stick
Amazon Fire TV,MLA1974888490,Amazon Fire Tv Stick Hd 2024 Control Por Voz Fhd Streaming,66599,new,MLA352001,1070313715,ARS,1 GB,Fire TV Stick HD
Amazon Fire TV,MLA1916062622,Amazon Tv Stick Lite 3ra Gen Streaming Full Hd,86030.0,new,MLA352001,198175440,ARS,,Fire TV Stick
Amazon Fire TV,MLA2005704458,Amazon Fire Tv Stick 4k 2023 Wifi 6 2gb De Ram Sicoaf,68499,new,MLA352001,821536236,ARS,2 GB,Fire TV Stick 4K
Amazon Fire TV,MLA2013301406,Amazon Lite Fire Tv Stick B091g4yp57 De Voz Full Hd 8gb,62657.0,new,MLA352001,567813379,ARS,1 GB,Fire TV Stick
Amazon Fire TV,MLA1465489187,Amazon Fire Tv Stick 4k Fire Tv Stick 4k 53-008355 Pilas 4k Negro,89000,new,MLA352001,710955168,ARS,,Fire TV Stick 4K
Amazon Fire TV,MLA1451230839,Amazon Fire Tv Stick 4k Ultra Hd Max 16gb Wi-fi 6e Negro,147890,new,MLA352001,209752538,ARS,2 GB,Fire TV Stick 4K Max
Amazon Fire TV,MLA2013184174,Amazon Fire Tv Stick 4k Ultra Hd Max 16gb 2nda Generación,101152,new,MLA352001,821536236,ARS,2 GB,Fire TV Stick 4K Max
Amazon Fire TV,MLA1476893929,Amazon Fire Tv Stick 4k Max Streaming Wifi 6,101150.0,new,MLA352001,160852200,ARS,2 GB,Fire TV Stick 4K Max
Amazon Fire TV,MLA1464753255,Amazon Fire Tv Stick 8gb Wifi 5 1080p Hdr Version 2024 Alexa,77768.99,new,MLA352001,167338436,ARS,2 GB,Fire TV Stick HD
Amazon Fire TV,MLA1364216697,Amazon Fire Tv Stick Lite Full Hd 8gb 1gb Ram Streaming,58999,new,MLA352001,541665065,ARS,1 GB,Fire TV Stick Lite
Amazon Fire TV,MLA1376700509,Amazon Fire Tv Stick 4k 8gb  1.5gb Ram Streaming Control Voz,68490,new,MLA352001,579983671,ARS,2 GB,Fire TV Stick 4K
Amazon Fire TV,MLA1369026587,Amazon Fire Tv Stick 4k De Voz 2ª Generación 4k 8gb Negro Con 1.5gb De Memoria Ram,99998,new,MLA352001,247639927,ARS,1.5 GB,Fire TV Stick 4K
Amazon Fire TV,MLA1436000073,Amazon Fire Tv Stick 4k Max Ultra Hd Hdr Wifi 6 Version 2023,100150,new,MLA352001,167338436,ARS,2 GB,Fire TV Stick 4K Max
Amazon Fire TV,MLA1987961156,Amazon Fire Tv Stick De Voz 3gen Full Hd 8gb 1gb Ram,68990,new,MLA352001,472182447,ARS,1 GB,Fire TV Stick
Amazon Fire TV,MLA1975932800,Amazon Fire Tv Stick 4k 2023 Wifi 6 2gb De Ram Con Alexa,111237,new,MLA352001,209752538,ARS,2 GB,Fire TV Stick 4K
Amazon Fire TV,MLA1458709339,Amazon Fire Tv Stick 4k Ultra Hd Max 16gb 2 Gen Wi-fi 6e,124998,new,MLA352001,701293922,ARS,2 GB,Fire TV Stick 4K Max
Amazon Fire TV,MLA1476905113,Amazon Fire Tv Stick 4k 2023 Wifi 6 2gb De Ram Con Alexa co,69192.0,new,MLA352001,160852200,ARS,2 GB,Fire TV Stick 4K
Amazon Fire TV,MLA1458709043,Amazon Fire Tv Stick 4k Max 16 Gb Wifi 6 Ultra Rápido 2023,116799,new,MLA352001,701293922,ARS,2 GB,Fire TV Stick 4K Max
Amazon Fire TV,MLA1835355834,Amazon Fire Tv Stick 4k Max Ultra Hd Hdr Version 2023 Wifi 6,147799,new,MLA352001,167338436,ARS,2 GB,Fire TV Stick 4K Max
Amazon Fire TV,MLA1975421614,Amazon Fire Tv Stick 4k 2023 Wifi 6 2gb De Ram Con Alexa,131248,new,MLA352001,209752538,ARS,2 GB,Fire TV Stick 4K
Amazon Fire TV,MLA1918175152,Amazon Fire Tv Stick 4k Max Ultra Hd 16gb Streaming,101150,new,MLA352001,207527715,ARS,2 GB,Fire TV Stick 4K Max
Amazon Fire TV,MLA1981319370,Amazon Fire Tv Stick 4k Ultra Hd Max 16gb Wi-fi 6e Negro,129990,new,MLA352001,209752538,ARS,2 GB,Fire TV Stick 4K Max
Amazon Fire TV,MLA1451931929,Amazon Fire Tv Stick 4k Max Ultra Hd 16gb Streaming,101150,new,MLA352001,579983671,ARS,2 GB,Fire TV Stick 4K Max
Amazon Fire TV,MLA1985584838,Amazon Fire Tv Stick Hd 2024 Streaming Fhd Cargador + Pilas,69999,new,MLA352001,1899272754,ARS,1 GB,Fire TV Stick HD
Amazon Fire TV,MLA1374336916,Amazon Fire Tv Stick 4k 1.5gb Ram Streaming Control Por Voz,68480,new,MLA352001,541665065,ARS,2 GB,Fire TV Stick 4K
Amazon Fire TV,MLA1144078429,Amazon Fire Tv Stick 4k 8gb Negro Con 1.5gb De Memoria Ram,68490,new,MLA352001,207527715,ARS,2 GB,Fire TV Stick 4K
Amazon Fire TV,MLA1440239591,Fire Tv Stick Convertidor Amazon Smart Netflix Streaming Hd,143679,new,MLA352001,360125356,ARS,1 GB,Fire TV Stick
Amazon Fire TV,MLA1449892657,Amazon Tv Stick Lite 2da Gen Streaming Full Hd,80980.0,new,MLA352001,264934748,ARS,1 GB,Fire TV Stick
Amazon Fire TV,MLA1144084762,Amazon Fire Tv Stick 4k 8gb Negro Con 1.5gb De Memoria Ram,68490,new,MLA352001,52270943,ARS,2 GB,Fire TV Stick 4K
Amazon Fire TV,MLA1473704297,Amazon Fire Tv Stick 8gb Wifi 5 1080p Hdr Version 2024,82313.99,new,MLA352001,37761986,ARS,2 GB,Fire TV Stick HD
Amazon Fire TV,MLA1976434684,"Amazon Fire Tv Stick Lite Full Hd 2 Gen De 8 Gb Con 1 Gb De Ram, Color Negro",69999,new,MLA352001,114179423,ARS,1 GB,Fire TV Stick Lite
Amazon Fire TV,MLA2017481294,"Control Remoto De Voz Fire Tv Stick Lite De Segunda Generación, Alexa Amazon Bivolt, Color Negro, Tipo Control Remoto",59554.0,new,MLA352001,213074722,ARS,1 GB,Fire TV Stick Lite
Amazon Fire TV,MLA1813653858,Amazon Fire Tv 4k Max 16gb Hdr Control De Voz Con Alexa Negro,141549.0,new,MLA352001,1803908857,ARS,2 GB,Fire TV 4K Max
Amazon Fire TV,MLA1920492052,Amazon Fire Tv Stick De Voz 3gen Full Hd 8gb Negro Con Pilas,85900,new,MLA352001,656691895,ARS,1 GB,Fire TV Stick
Amazon Fire TV,MLA1974811330,Amazon Fire Tv Stick Hd 2024 Control Por Voz Fhd Streaming,78990,new,MLA352001,1070313715,ARS,1 GB,Fire TV Stick HD
Amazon Fire TV,MLA1916498408,Amazon Tv Stick Lite 3ra Gen Streaming Full Hd,86030.0,new,MLA352001,264934748,ARS,1 GB,Fire TV Stick
Amazon Fire TV,MLA1473196225,Amazon Fire Tv Stick 3 Generación,68428,new,MLA352001,133310777,ARS,1 GB,Fire TV Stick
Amazon Fire TV,MLA1440979427,"Amazon Fire Tv Stick 3 Generación, Hd, Streaming (nuevo)",70000,new,MLA352001,23039265,ARS,1 GB,Fire TV Stick
Amazon Fire TV,MLA1449892899,Amazon Tv Stick Lite 2da Gen Streaming Full Hd,80980.0,new,MLA352001,69987805,ARS,1 GB,Fire TV Stick
Amazon Fire TV,MLA1174670102,Amazon Fire Tv Stick 4k De Voz 4k 8gb 1.5gb De Memoria Ram,139990,new,MLA352001,24528652,ARS,1.5 GB,Fire TV Stick 4K
Amazon Fire TV,MLA1716970254,Amazon Fire Tv Stick 4k Max 2° Gen - 16 Gb - Wi-fi 6e Alexa,130000,new,MLA352001,4973807,ARS,2 GB,Fire TV Stick 4K Max
Amazon Fire TV,MLA1974901626,Amazon Fire Tv Stick Hd 2024 Control Por Voz Fhd Streaming,55190,new,MLA352001,1070313715,ARS,1 GB,Fire TV Stick HD
Amazon Fire TV,MLA1440621335,Amazon Fire Tv Stick 4k Ultra Hd Hdr Wifi 6 Version 2023,99191.09,new,MLA352001,167338436,ARS,2 GB,Fire TV Stick 4K
Amazon Fire TV,MLA1449766059,Amazon Fire Tv Stick Lite Control Por Voz Alexa Fhd 1080p,106499,new,MLA352001,310646112,ARS,1 GB,Fire TV Stick Lite
Amazon Fire TV,MLA1961769444,Amazon Fire Tv Stick Lite 2da Generación,90000,new,MLA352001,172801018,ARS,1 GB,Fire TV Stick Lite
Amazon Fire TV,MLA1993855098,Fire Tv Stick 4k Con Controles De Alexa Y Amazon Black Tv,78699,new,MLA352001,210559236,ARS,2 GB,Fire TV Stick 4K
Amazon Fire TV,MLA1995130936,Amazon Fire Tv Stick Hd 2024 Control De Voz 8gh Wifi 5 Nuevo,69400,new,MLA352001,139052045,ARS,1 GB,Fire TV Stick HD
Amazon Fire TV,MLA1869562272,Amazon Fire Tv Stick 4k Ultra Hd Hdr Wifi 6 Version 2023,84636.99,new,MLA352001,167338436,ARS,2 GB,Fire TV Stick 4K
Amazon Fire TV,MLA1908499690,Amazon Tv Stick Lite 2da Gen Streaming Full Hd,80980.0,new,MLA352001,198175440,ARS,1 GB,Fire TV Stick
Amazon Fire TV,MLA1547901852,Amazon Fire Tv Stick Control De Voz 3er Generación 8gb,89990,new,MLA352001,126835229,ARS,,Fire Stick
Amazon Fire TV,MLA1458696941,Amazon Fire Tv Stick 4k Max 16gb 2a Gen Con Wi-fi 6,147899,new,MLA352001,701293922,ARS,2 GB,Fire TV Stick 4K Max
Amazon Fire TV,MLA1166920743,Amazon Fire Tv Stick De Voz 3.ª Gen Full Hd 8gb Negro 1gb ,93990,new,MLA352001,119671699,ARS,1 GB,Fire TV Stick Lite
Amazon Fire TV,MLA1463027367,Tv Stick Amazon Precio Unicoooooo,65500,new,MLA352001,26232735,ARS,1 GB,Fire Tv Stick Amazon
Amazon Fire TV,MLA1275869904,Amazon Fire Tv Stick Lite De Voz Full Hd 8gb + Fuente 220v!,72490,new,MLA352001,119671699,ARS,1 GB,Fire TV Stick Lite
Amazon Fire TV,MLA1469093151,Amazon Fire Tv Stick 4k 2023 Wifi 6 2gb Ram Con Alexa Negro,89999,new,MLA352001,32331880,ARS,2 GB,Fire TV Stick 4K
Amazon Fire TV,MLA2021020160,Amazon Fire Tv Stick 4k 2da Gen 2021 Color Negro,60000.0,new,MLA352001,1553728513,ARS,,Fire TV Stick 4K
Amazon Fire TV,MLA2018256660,Amazon Fire Tv Cube 3ra Gen 2022 Alexa Wi-fi 6e 4k Ultra Hd Color Negro,389999,new,MLA352001,178070995,ARS,2 GB,Fire TV Cube
Amazon Fire TV,MLA874503353,Amazon Fire Tv Stick 4k De Voz 4k 8gb Negro Con Memoria Ram,102409,new,MLA352001,96270679,ARS,1.5 GB,Fire TV Stick 4K
Amazon Fire TV,MLA1477576483,Amazon Fire Tv Stick Lite Hd Tv Control Remoto Por Voz/ Npo,79000,new,MLA352001,57739434,ARS,,Fire TV Stick
Amazon Fire TV,MLA1976408634,Fire Tv Stick Lite Amazon 2da Gen Full Hd Alexa Streaming,84690,new,MLA352001,114179423,ARS,1 GB,Fire TV Stick Lite
Amazon Fire TV,MLA1956472234,Amazon Lite Fire Tv Stick B091g4yp57 De Voz Full Hd 8gb Negr,113500,new,MLA352001,1848459588,ARS,1 GB,Fire TV Stick
Amazon Fire TV,MLA1997729844,Amazon Fire Tv Stick Lite Full Hd 2°generacion,84999,new,MLA352001,1943695898,ARS,1 GB,Fire TV Stick Lite
Amazon Fire TV,MLA1901997240,Amazon Fire Tv Stick De Voz 3gen Full Hd 8gb Negro,104464.0,new,MLA352001,148027380,ARS,1 GB,Fire TV Stick
Amazon Fire TV,MLA1137570623,Amazon Fire Tv Stick Lite De Voz Full Hd 8gb + Cargador 220v,95996,new,MLA352001,247639927,ARS,1 GB,Fire TV Stick Lite
Amazon Fire TV,MLA1473071319,Amazon Fire Tv 3.a Generación Con Alexa Full Hd 8gb,84999,new,MLA352001,1943695898,ARS,1 GB,Fire TV
Amazon Fire TV,MLA2021877152,Amazon Fire Tv Stick Lite Control Por Voz Alexa Fhd 1080p,57900,new,MLA352001,1531471422,ARS,1 GB,Fire TV Stick Lite
Amazon Fire TV,MLA1149652512,Amazon Fire Tv Stick 4k Con Alexa Netflix Youtube Disney,104000,new,MLA352001,199785787,ARS,1.5 GB,Fire TV Stick 4K
Amazon Fire TV,MLA1452022653,Amazon Fire Tv Stick 4k Max Ultra Hd 16gb Streaming Original,101150,new,MLA352001,541665065,ARS,2 GB,Fire TV Stick 4K Max
Amazon Fire TV,MLA2008295914,Amazon Control Por Voz 2da Generacion Fire Tv Stick Alexa,106000,new,MLA352001,1943695898,ARS,1 GB,Fire Tv Stick Amazon
Amazon Fire TV,MLA1976396000,Fire Tv Stick Lite Amazon 2da Gen Full Hd Alexa Streaming,132990,new,MLA352001,114179423,ARS,1 GB,Fire TV Stick Lite
Amazon Fire TV,MLA1322670460,Amazon Fire Tv Stick Lite,130149.0,new,MLA352001,139305690,ARS,1 GB,Fire TV Stick Lite
Amazon Fire TV,MLA1439607369,Amazon Fire Tv Stick 4k De Voz 3ª Generación 4k 8gb Negro,108000,new,MLA352001,514993402,ARS,1.5 GB,Fire TV Stick 4K
Amazon Fire TV,MLA1976408754,Fire Tv Stick Lite Amazon 2da Gen Full Hd Alexa Streaming,115990,new,MLA352001,114179423,ARS,1 GB,Fire TV Stick Lite
Amazon Fire TV,MLA1908536738,Amazon Fire Tv Stick Lite Control Por Voz Alexa Fhd 1080p,106499,new,MLA352001,176546321,ARS,1 GB,Fire TV Stick Lite
Amazon Fire TV,MLA1916498696,Amazon Tv Stick Lite 3ra Gen Streaming Full Hd,86030.0,new,MLA352001,69987805,ARS,1 GB,Fire TV Stick
Amazon Fire TV,MLA1476223643,Amazon Fire Tv Stick 10k 2da  Generacion,85000,new,MLA352001,65697898,ARS,2 GB,Fire TV Stick 10K Max
Amazon Fire TV,MLA1415832327,Fire Tv Stick 4k (2023) Wi-fi 6 2gb De Ram Alexa Color Negro,85019.0,new,MLA352001,451257294,ARS,2 GB,Fire TV Stick 4K
Amazon Fire TV,MLA1459242009,Amazon Lite Fire Tv Stick B091g4yp57 Fhd Control Remoto D1,98437.0,new,MLA352001,69541508,ARS,1 GB,Fire TV Stick
Amazon Fire TV,MLA1918225038,Amazon Fire Tv Stick 4k Max Ultra Hd 16gb Streaming,101150,new,MLA352001,52270943,ARS,2 GB,Fire TV Stick 4K Max
Amazon Fire TV,MLA1463640949,Amazon Fire Tv Stick 4k De Voz 2a Gen 4k 8gb1.5gb Ram,108246.93,new,MLA352001,1324457594,ARS,1.5 GB,Fire TV Stick 4K
Amazon Fire TV,MLA1811000372,Amazon Lite Fire Tv Stick B091g4yp57 De Voz 2.ª Full Hd 8gb,99987,new,MLA352001,209752538,ARS,1 GB,Fire TV Stick
Amazon Fire TV,MLA1452076579,Amazon Fire Tv Stick 4k Max Ultra Hd 16gb Streaming Original,101150,new,MLA352001,1473628674,ARS,2 GB,Fire TV Stick 4K Max
Amazon Fire TV,MLA1138064125,Amazon Fire Tv Stick De Voz 4k 8gb Latest Model Cargador 220,109995,new,MLA352001,247639927,ARS,1.5 GB,Fire TV Stick 4K
Amazon Fire TV,MLA1286072659,Amazon Fire Tv Stick Lite Con Cargador Cuot.s S/ Inter.s!,95995,new,MLA352001,247639927,ARS,1 GB,Fire TV Stick Lite
Amazon Fire TV,MLA1445191887,Amazon Fire Tv Stick De Voz 3gen Full Hd 8gb Negro Con 1gb D,95727,new,MLA352001,119671699,ARS,1 GB,Fire TV Stick
Amazon Fire TV,MLA1894776226,Amazon Fire Tv Stick De Voz 3gen Full Hd 8gb Con 1gb De Ram,85990,new,MLA352001,119671699,ARS,1 GB,Fire TV Stick
Amazon Fire TV,MLA1918201864,Amazon Fire Tv Stick 4k Max Ultra Hd 16gb Streaming,101150,new,MLA352001,250121682,ARS,2 GB,Fire TV Stick 4K Max
Amazon Fire TV,MLA1463623535,Amazon Tv Stick Fire Tv 4k Max De Voz 1.a Gen 4k 8gb 2gb Ram,120466,new,MLA352001,1324457594,ARS,2 GB,Fire TV Stick 4K Max
Amazon Fire TV,MLA1908759790,Fire Tv Stick Amazon 2da Generación Voz Alexa-negro Color Negro,87999,new,MLA352001,176546321,ARS,1 GB,Fire TV Stick 2nd Generation
Amazon Fire TV,MLA2019360056,"Amazon Fire Tv Stick 3rd Gen Con Alexa Voice Remote, Fullhd",87858.72,new,MLA352001,2153421531,ARS,,no aplica
Amazon Fire TV,MLA1469041319,Amazon Fire Tv Stick 4k 2023 Wifi 6 2gb Ram Con Alexa Negro,116325,new,MLA352001,32331880,ARS,2 GB,Fire TV Stick 4K
Amazon Fire TV,MLA1459266313,Amazon Lite Fire Tv Stick B091g4yp57 Fhd Control Remoto D2,176037.0,new,MLA352001,69541508,ARS,1 GB,Fire TV Stick
Amazon Fire TV,MLA1138118884,Amazon Fire Tv Stick 4k 8gb Con Fuente 220v Nuevo Modelo,98888,new,MLA352001,247639927,ARS,1.5 GB,Fire TV Stick 4K
Amazon Fire TV,MLA1977086508,Amazon Fire Tv Stick 3.ª Control De Voz Alexa Full Hd,123819.08,new,MLA352001,2154714798,ARS,1 GB,Fire TV Stick
Amazon Fire TV,MLA1959266338,Reproductor Streaming Amazon Fire Tv Stick Lite Hd B091g4yp5,174999,new,MLA352001,1012653588,ARS,1 GB,Fire TV Stick
Amazon Fire TV,MLA2005112166,"Amazon Fire Tv Stick Hd 2024, 8gb, 1gb Ram, Fhd, Fuente+pila",69999,new,MLA352001,680515,ARS,1 GB,Fire TV Stick HD
Amazon Fire TV,MLA1453083943,Amazon Fire Tv Stick Lite 3ra Gen Con Alexa Control De Voz,94799,new,MLA352001,1024986504,ARS,,Fire TV Stick Lite
Amazon Fire TV,MLA1868644730,Amazon Fire Tv Stick 4k De Voz 3ª Generación 4k 8gb Negro Co,144900,new,MLA352001,64081801,ARS,1.5 GB,Fire TV Stick 4K
Amazon Fire TV,MLA1471745203,Amazon Lite Fire Tv Stick  Full Hd  Soy Gamer,112500,new,MLA352001,191179311,ARS,1 GB,Fire TV Stick
Amazon Fire TV,MLA1920570096,Amazon Fire Tv Stick De Voz 3gen Full Hd 8gb Negro Con Pilas,88500,new,MLA352001,656691895,ARS,1 GB,Fire TV Stick
Amazon Fire TV,MLA1441602455,Amazon Fire Tv Stick 4k 2023 Wifi 6 2gb De Ram Con Alexa,102513.99,new,MLA352001,37761986,ARS,2 GB,Fire TV Stick 4K
Amazon Fire TV,MLA1441654143,Amazon Fire Tv Stick 4k 2023 Wifi 6 2gb De Ram Con Alexa,87363.99,new,MLA352001,37761986,ARS,2 GB,Fire TV Stick 4K
Amazon Fire TV,MLA1449794463,Amazon Fire Tv Stick Lite Control Por Voz Alexa Fhd 1080p,87999,new,MLA352001,310646112,ARS,1 GB,Fire TV Stick Lite
Amazon Fire TV,MLA2010848162,Adaptador Amazon Ethernet Para Dispositivos Amazon Fire Tv,69575.76,new,MLA352001,2148180470,ARS,,Amazon
Amazon Fire TV,MLA1731385542,Amazon Fire Tv 4k Max 16gb Control De Voz Con Alexa Negro,128389.0,new,MLA352001,451257294,ARS,,Fire TV Stick 4K Max
Amazon Fire TV,MLA2003441672,Amazon Fire Tv Stick 4k Wifi 6 Black Sin Fuente Penbox,75242.0,new,MLA352001,213074722,ARS,,Fire TV Stick 4K
Amazon Fire TV,MLA1989228458,Amazon Lite Fire Tv Stick Fullhd8gb1gb+sellado+fuente+pila,85999,new,MLA352001,149695995,ARS,1 GB,Fire TV Stick
Amazon Fire TV,MLA1959152052,Reproductor Streaming Amazon Fire Tv Stick 4k B079qhml21 Neg,205999,new,MLA352001,1012653588,ARS,1.5 GB,Fire TV Stick 4K
Amazon Fire TV,MLA1455493103,Dispositivo De Streaming Audio Y Video Amazon Fire Stick,93550.28,new,MLA352001,208948246,ARS,1 GB,Fire Stick
Amazon Fire TV,MLA1998583538,Streaming Fire Tv Stick Lite Amazon 1080p Fhd / Rom 8gb -e11,99999,new,MLA352001,1409986188,ARS,,Fire TV Stick Lite
Amazon Fire TV,MLA1459031503,Amazon Fire Tv Stick,60000,used,MLA352001,771051696,ARS,1 GB,Fire TV Stick Lite
Amazon Fire TV,MLA1447948375,Amazon Tv Stick Fire Tv Stick 4k Max De Voz 1.a Generación,106965,new,MLA352001,154775359,ARS,2 GB,Fire TV Stick 4K Max
Amazon Fire TV,MLA1465362069,Amazon Fire Tv Stick 4k 2024 Alexa Voice Remote 2da G Ppct,136383,new,MLA352001,77842811,ARS,,Fire TV Stick 4K 2024
Amazon Fire TV,MLA1959279194,Reproductor Streaming Amazon Fire Tv Stick Lite Hd B091g4yp5,199999,new,MLA352001,1012653588,ARS,1 GB,Fire TV Stick
Amazon Fire TV,MLA1936697620,Dispositivo De Streaming Audio Y Video Amazon Fire Stick,136711.58,new,MLA352001,208948246,ARS,1 GB,Fire Stick
Amazon Fire TV,MLA1403370075,Dispositivo Streaming Amazon Stick 4k,108308.66,new,MLA352001,208948246,ARS,1.5 GB,Fire TV Stick 4K
Amazon Fire TV,MLA1465424943,Amazon Fire Tv Stick 4k 2024 Alexa Voice Remote 2da Gen,109986,new,MLA352001,77842811,ARS,,Fire TV Stick 4K 2024
Amazon Fire TV,MLA1959164724,Reproductor Streaming Amazon Fire Tv Stick 4k B079qhml21 Neg,180250,new,MLA352001,1012653588,ARS,1.5 GB,Fire TV Stick 4K
Amazon Fire TV,MLA1996578580,Amazon Lite Fire Tv Stick Full Hd 8gb Soy Gamer,130500,new,MLA352001,191179311,ARS,1 GB,Fire TV Stick
Amazon Fire TV,MLA1473218924,Amazon Fire Tv Stick Control Voz 3.ª Generación Full Hd 8gb ,114499.2,new,MLA352001,272386755,ARS,1 GB,Fire TV Stick
Amazon Fire TV,MLA1473649132,"Amazon Fire Tv Stick 4k Streaming, Con Alexa Voice Remote ",195654,new,MLA352001,272386755,ARS,1.5 GB,Fire TV Stick 4K
Amazon Fire TV,MLA1446309787,Amazon Fire Tv Stick 4k B08xvyz1y5,248999,new,MLA352001,140441422,ARS,1.5 GB,B08XVYZ1Y5
Amazon Fire TV,MLA1894879970,Amazon Fire Tv Stick 4k B08xvyz1y5,189999,new,MLA352001,140441422,ARS,1.5 GB,B08XVYZ1Y5
Amazon Fire TV,MLA1875993654,Amazon Fire Tv Stick 4k Ultra Hd,115000,new,MLA352001,1633523311,ARS,1.5 GB,Fire TV Stick 4K
Amazon Fire TV,MLA1983232292,Fire Tv Stick Con Control Remoto Por Voz De Alexa (incluye C,111416.43,new,MLA352001,2156249700,ARS,1 GB,Amazon
Amazon Fire TV,MLA1403331045,4k Dispositivo Para Streaming De Video/audio Amazon Stick 4k,158663.51,new,MLA352001,208948246,ARS,1.5 GB,Fire TV Stick 4K
Amazon Fire TV,MLA1936802694,Firetv,85000,new,MLA352001,349566539,ARS,,Fire TV Stick Lite
Amazon Fire TV,MLA1940892644,Fire Tv Stick 2017 - Joystick Amazon Control Gamer Excelente,72500,used,MLA352001,65052717,ARS,1 GB,Fire TV Stick 2nd Generation
Amazon Fire TV,MLA1986244744,Amazon Fire Tv Stick 4k Ultra Hd Version 2023 Wifi 6 2gb Ram,102513.99,new,MLA352001,288537838,ARS,2 GB,Fire TV Stick 4K
